MRR,Recall@1,Recall@5,acc,dim,f1,model,pr_auc,roc_auc,role
,,,0.6830819552971107,768,0.47501505117399156,dhruvpal/fake-news-bert,0.5833920441043111,0.6906326121574484,clf
,,,0.8526258404506633,768,0.7853929611008204,..\cache\models\ft_bert-base-uncased,0.8718125002357207,0.8993624652846832,clf
,,,0.7148827912047974,768,0.5510729613733906,bert-base-uncased,0.6431943223712387,0.7254652804518034,clf
,,,0.8233690714155915,768,0.7385691231845078,..\cache\models\ft_roberta-base,0.8501550113601953,0.8768978294199705,clf
,,,0.7096129383972378,768,0.5286135693215339,roberta-base,0.6357764574140969,0.7236195328224592,clf
0.999000399840064,0.9983279415506525,1.0,,768,,sentence-transformers/all-mpnet-base-v2,,,rag
0.9990428071195763,0.9984006397441023,1.0,,768,,facebook/dpr-question_encoder-single-nq-base,,,rag
0.999000399840064,0.9983279415506525,1.0,,384,,sentence-transformers/all-MiniLM-L6-v2,,,rag
